<?xml version="1.0" encoding="UTF-8"?>
<!DOCTYPE xkbConfigRegistry SYSTEM "xkb.dtd">
<xkbConfigRegistry>
  <modelList/>
  <layoutList>
    <layout>
      <configItem>
        <name>apl</name>
        <shortDescription>apl</shortDescription>
        <description>APL keyboard symbols</description>
        <languageList>
          <iso639Id>eng</iso639Id>
        </languageList>
      </configItem>
      <variantList>
        <variant>
          <configItem>
            <name>dyalog</name>
            <shortDescription>dlg</shortDescription>
            <description>APL keyboard symbols (Dyalog)</description>
          </configItem>
        </variant>
        <variant>
          <configItem>
            <name>sax</name>
            <shortDescription>sax</shortDescription>
            <description>APL keyboard symbols (sax)</description>
          </configItem>
        </variant>
        <variant>
          <configItem>
            <name>unified</name>
            <shortDescription>ufd</shortDescription>
            <description>APL keyboard symbols (unified)</description>
          </configItem>
        </variant>
        <variant>
          <configItem>
            <name>apl2</name>
            <shortDescription>apl2</shortDescription>
            <description>APL keyboard symbols (IBM APL2)</description>
          </configItem>
        </variant>
        <variant>
          <configItem>
            <name>aplplusII</name>
            <shortDescription>aplII</shortDescription>
            <description>APL keyboard symbols (Manugistics APL*PLUS II)</description>
          </configItem>
        </variant>
        <variant>
          <configItem>
            <name>aplx</name>
            <shortDescription>aplx</shortDescription>
            <description>APL keyboard symbols (APLX unified)</description>
          </configItem>
        </variant>
      </variantList>
    </layout>
    <layout>
      <configItem>
        <name>ca</name>
        <shortDescription>fr</shortDescription>
        <description>French (Canada)</description>
        <languageList>
          <iso639Id>fra</iso639Id>
        </languageList>
      </configItem>
      <variantList>
        <variant>
          <configItem>
            <name>kut</name>
            <shortDescription>kut</shortDescription>
            <description>Kutenai</description>
          </configItem>
        </variant>
        <variant>
          <configItem>
            <name>shs</name>
            <shortDescription>shs</shortDescription>
            <description>Secwepemctsin</description>
          </configItem>
        </variant>
        <variant>
          <configItem>
            <name>sun_type6</name>
            <description>Multilingual (Canada, Sun Type 6/7)</description>
          </configItem>
        </variant>
      </variantList>
    </layout>
    <layout>
      <configItem>
        <name>de</name>
        <shortDescription>de</shortDescription>
        <description>German</description>
        <languageList>
          <iso639Id>ger</iso639Id>
        </languageList>
      </configItem>
      <variantList>
        <variant>
          <configItem>
            <name>us</name>
            <description>German (US keyboard with German letters)</description>
            <languageList>
              <iso639Id>eng</iso639Id>
            </languageList>
          </configItem>
        </variant>
        <variant>
          <configItem>
            <name>hu</name>
            <description>German (with Hungarian letters and no dead keys)</description>
            <languageList>
              <iso639Id>ger</iso639Id>
              <iso639Id>hun</iso639Id>
            </languageList>
          </configItem>
        </variant>
        <variant>
          <configItem>
            <name>pl</name>
            <description>Polish (Germany, eliminate dead keys)</description>
            <languageList>
              <iso639Id>ger</iso639Id>
              <iso639Id>pol</iso639Id>
            </languageList>
          </configItem>
        </variant>
        <variant>
          <configItem>
            <name>sun_type6</name>
            <description>German (Sun Type 6/7)</description>
          </configItem>
        </variant>
        <variant>
          <configItem>
            <name>adnw</name>
            <description>German (Aus der Neo-Welt)</description>
          </configItem>
        </variant>
      </variantList>
    </layout>
    <layout>
      <configItem>
        <name>ir</name>
        <shortDescription>fa</shortDescription>
        <description>Persian</description>
        <languageList>
          <iso639Id>per</iso639Id>
        </languageList>
      </configItem>
      <variantList>
        <variant>
          <configItem>
            <name>ave</name>
            <description>Avestan</description>
            <languageList>
              <iso639Id>ave</iso639Id>
            </languageList>
          </configItem>
        </variant>
      </variantList>
    </layout>
    <layout>
      <configItem>
        <name>lt</name>
        <shortDescription>lt</shortDescription>
        <description>Lithuanian</description>
        <languageList>
          <iso639Id>lit</iso639Id>
        </languageList>
      </configItem>
      <variantList>
        <variant>
          <configItem>
            <name>us_dvorak</name>
            <description>Lithuanian (US Dvorak with Lithuanian letters)</description>
          </configItem>
        </variant>
        <variant>
          <configItem>
            <name>sun_type6</name>
            <description>Lithuanian (Sun Type 6/7)</description>
          </configItem>
        </variant>
      </variantList>
    </layout>
    <layout>
      <configItem>
        <name>lv</name>
        <shortDescription>lv</shortDescription>
        <description>Latvian</description>
        <languageList>
          <iso639Id>lav</iso639Id>
        </languageList>
      </configItem>
      <variantList>
        <variant>
          <configItem>
            <name>dvorak</name>
            <description>Latvian (US Dvorak)</description>
          </configItem>
        </variant>
        <variant>
          <configItem>
            <name>ykeydvorak</name>
            <description>Latvian (US Dvorak, Y variant)</description>
          </configItem>
        </variant>
        <variant>
          <configItem>
            <name>minuskeydvorak</name>
            <description>Latvian (US Dvorak, minus variant)</description>
          </configItem>
        </variant>
        <variant>
          <configItem>
            <name>dvorakprogr</name>
            <description>Latvian (programmer US Dvorak)</description>
          </configItem>
        </variant>
        <variant>
          <configItem>
            <name>ykeydvorakprogr</name>
            <description>Latvian (programmer US Dvorak, Y variant)</description>
          </configItem>
        </variant>
        <variant>
          <configItem>
            <name>minuskeydvorakprogr</name>
            <description>Latvian (programmer US Dvorak, minus variant)</description>
          </configItem>
        </variant>
        <variant>
          <configItem>
            <name>colemak</name>
            <description>Latvian (US Colemak)</description>
          </configItem>
        </variant>
        <variant>
          <configItem>
            <name>apostrophecolemak</name>
            <description>Latvian (US Colemak, apostrophe variant)</description>
          </configItem>
        </variant>
        <variant>
          <configItem>
            <name>sun_type6</name>
            <description>Latvian (Sun Type 6/7)</description>
          </configItem>
        </variant>
      </variantList>
    </layout>
    <layout>
      <configItem>
        <name>us</name>
        <shortDescription>en</shortDescription>
        <description>English (US)</description>
        <languageList>
          <iso639Id>eng</iso639Id>
        </languageList>
      </configItem>
      <variantList>
        <variant>
          <configItem>
            <name>intl-unicode</name>
            <description>English (US, international AltGr Unicode combining)</description>
          </configItem>
        </variant>
        <variant>
          <configItem>
            <name>alt-intl-unicode</name>
            <description>English (US, international AltGr Unicode combining, alternative)</description>
          </configItem>
        </variant>
        <variant>
          <configItem>
            <name>ats</name>
            <description>Atsina</description>
            
          </configItem>
        </variant>
        <variant>
          <configItem>
            <name>crd</name>
            <description>Coeur d'Alene Salish</description>
            <languageList>
              <iso639Id>crd</iso639Id>
            </languageList>
          </configItem>
        </variant>
        <variant>
          <configItem>
            <name>cz_sk_de</name>
            <description>Czech Slovak and German (US)</description>
            <languageList>
              <iso639Id>eng</iso639Id>
              <iso639Id>cze</iso639Id>
              <iso639Id>slo</iso639Id>
              <iso639Id>ger</iso639Id>
            </languageList>
          </configItem>
        </variant>
        <variant>
          <configItem>
            <name>sun_type6</name>
            <description>English (US, Sun Type 6/7)</description>
          </configItem>
        </variant>
        <variant>
          <configItem>
            <name>norman</name>
            <description>English (Norman)</description>
          </configItem>
        </variant>
      </variantList>
    </layout>
    <layout>
      <configItem>
        <name>pl</name>
        <shortDescription>pl</shortDescription>
        <description>Polish</description>
        <languageList>
          <iso639Id>pol</iso639Id>
        </languageList>
      </configItem>
      <variantList>
        <variant>
          <configItem>
            <name>intl</name>
            <description>Polish (international with dead keys)</description>
          </configItem>
        </variant>
        <variant>
          <configItem>
            <name>colemak</name>
            <description>Polish (Colemak)</description>
          </configItem>
        </variant>
        <variant>
          <configItem>
            <name>sun_type6</name>
            <description>Polish (Sun Type 6/7)</description>
          </configItem>
        </variant>
      </variantList>
    </layout>
    <layout>
      <configItem>
        <name>ro</name>
        <shortDescription>ro</shortDescription>
        <description>Romanian</description>
        <languageList>
          <iso639Id>rum</iso639Id>
        </languageList>
      </configItem>
      <variantList>
        <variant>
          <configItem>
            <name>crh_dobruja</name>
            <shortDescription>crh</shortDescription>
            <description>Crimean Tatar (Dobruja Q)</description>
            <languageList>
              <iso639Id>crh</iso639Id>
            </languageList>
          </configItem>
        </variant>
        <variant>
          <configItem>
            <name>ergonomic</name>
            <description>Romanian (ergonomic Touchtype)</description>
          </configItem>
        </variant>
        <variant>
          <configItem>
            <name>sun_type6</name>
            <description>Romanian (Sun Type 6/7)</description>
          </configItem>
        </variant>
      </variantList>
    </layout>
    <layout>
      <configItem>
        <name>rs</name>
        <shortDescription>sr</shortDescription>
        <description>Serbian</description>
        <languageList>
          <iso639Id>srp</iso639Id>
        </languageList>
      </configItem>
      <variantList>
        <variant>
          <configItem>
            <name>combiningkeys</name>
            <description>Serbian (combining accents instead of dead keys)</description>
          </configItem>
        </variant>
      </variantList>
    </layout>
    <layout>
      <configItem>
        <name>ru</name>
        <shortDescription>ru</shortDescription>
        <description>Russian</description>
      </configItem>
      <variantList>
        <variant>
          <configItem>
            <name>chu</name>
            <description>Church Slavonic</description>
            <languageList>
              <iso639Id>chu</iso639Id>
            </languageList>
          </configItem>
        </variant>
        <variant>
          <configItem>
            <name>ruu</name>
            <shortDescription>ru</shortDescription>
            <description>Russian (with Ukrainian-Belorussian layout)</description>
            <languageList>
              <iso639Id>rus</iso639Id>
              <iso639Id>ukr</iso639Id>
              <iso639Id>bel</iso639Id>
            </languageList>
          </configItem>
        </variant>
        <variant>
          <configItem>
            <name>sun_type6</name>
            <description>Russian (Sun Type 6/7)</description>
          </configItem>
        </variant>
      </variantList>
    </layout>
    <layout>
      <configItem>
        <name>am</name>
        <shortDescription>hy</shortDescription>
        <description>Armenian</description>
        <languageList>
          <iso639Id>hye</iso639Id>
        </languageList>
      </configItem>
      <variantList>
        <variant>
          <configItem>
            <name>olpc-phonetic</name>
            <description>Armenian (OLPC phonetic)</description>
          </configItem>
        </variant>
      </variantList>
    </layout>
    <layout>
      <configItem>
        <name>il</name>
        <shortDescription>he</shortDescription>
        <description>Hebrew</description>
        <languageList>
          <iso639Id>heb</iso639Id>
        </languageList>
      </configItem>
      <variantList>
        <variant>
          <configItem>
            <name>biblicalSIL</name>
            <description>Hebrew (Biblical, SIL phonetic)</description>
            <languageList>
              <iso639Id>heb</iso639Id>
            </languageList>
          </configItem>
        </variant>
      </variantList>
    </layout>
    <layout>
      <configItem>
        <name>ara</name>
        <shortDescription>ar</shortDescription>
        <description>Arabic</description>
      </configItem>
      <variantList>
        <variant>
          <configItem>
            <name>sun_type6</name>
            <description>Arabic (Sun Type 6/7)</description>
          </configItem>
        </variant>
      </variantList>
    </layout>
    <layout>
      <configItem>
        <name>be</name>
        <shortDescription>be</shortDescription>
        <description>Belgian</description>
      </configItem>
      <variantList>
        <variant>
          <configItem>
            <name>sun_type6</name>
            <description>Belgian (Sun Type 6/7)</description>
          </configItem>
        </variant>
      </variantList>
    </layout>
    <layout>
      <configItem>
        <name>br</name>
        <shortDescription>pt</shortDescription>
        <description>Portuguese (Brazil)</description>
      </configItem>
      <variantList>
        <variant>
          <configItem>
            <name>sun_type6</name>
            <description>Portuguese (Brazil, Sun Type 6/7)</description>
          </configItem>
        </variant>
      </variantList>
    </layout>
    <layout>
      <configItem>
        <name>cz</name>
        <shortDescription>cs</shortDescription>
        <description>Czech</description>
      </configItem>
      <variantList>
        <variant>
          <configItem>
            <name>sun_type6</name>
            <description>Czech (Sun Type 6/7)</description>
          </configItem>
        </variant>
      </variantList>
    </layout>
    <layout>
      <configItem>
        <name>dk</name>
        <shortDescription>da</shortDescription>
        <description>Danish</description>
      </configItem>
      <variantList>
        <variant>
          <configItem>
            <name>sun_type6</name>
            <description>Danish (Sun Type 6/7)</description>
          </configItem>
        </variant>
      </variantList>
    </layout>
    <layout>
      <configItem>
        <name>nl</name>
        <shortDescription>nl</shortDescription>
        <description>Dutch</description>
      </configItem>
      <variantList>
        <variant>
          <configItem>
            <name>sun_type6</name>
            <description>Dutch (Sun Type 6/7)</description>
          </configItem>
        </variant>
      </variantList>
    </layout>
    <layout>
      <configItem>
        <name>ee</name>
        <shortDescription>et</shortDescription>
        <description>Estonian</description>
      </configItem>
      <variantList>
        <variant>
          <configItem>
            <name>sun_type6</name>
            <description>Estonian (Sun Type 6/7)</description>
          </configItem>
        </variant>
      </variantList>
    </layout>
    <layout>
      <configItem>
        <name>fi</name>
        <shortDescription>fi</shortDescription>
        <description>Finnish</description>
      </configItem>
      <variantList>
        <variant>
          <configItem>
            <name>sun_type6</name>
            <description>Finnish (Sun Type 6/7)</description>
          </configItem>
        </variant>
      </variantList>
    </layout>
    <layout>
      <configItem>
        <name>fr</name>
        <shortDescription>fr</shortDescription>
        <description>French</description>
      </configItem>
      <variantList>
        <variant>
          <configItem>
            <name>sun_type6</name>
            <description>French (Sun Type 6/7)</description>
          </configItem>
        </variant>
      </variantList>
    </layout>
    <layout>
      <configItem>
        <name>gr</name>
        <shortDescription>gr</shortDescription>
        <description>Greek</description>
      </configItem>
      <variantList>
        <variant>
          <configItem>
            <name>sun_type6</name>
            <description>Greek (Sun Type 6/7)</description>
          </configItem>
        </variant>
      </variantList>
    </layout>
    <layout>
      <configItem>
        <name>it</name>
        <shortDescription>it</shortDescription>
        <description>Italian</description>
      </configItem>
      <variantList>
        <variant>
          <configItem>
            <name>sun_type6</name>
            <description>Italian (Sun Type 6/7)</description>
          </configItem>
        </variant>
      </variantList>
    </layout>
    <layout>
      <configItem>
        <name>jp</name>
        <shortDescription>ja</shortDescription>
        <description>Japanese</description>
      </configItem>
      <variantList>
        <variant>
          <configItem>
            <name>sun_type6</name>
            <description>Japanese (Sun Type 6)</description>
          </configItem>
        </variant>
        <variant>
          <configItem>
            <name>sun_type7</name>
            <description>Japanese (Sun Type 7 - pc compatible)</description>
          </configItem>
        </variant>
        <variant>
          <configItem>
            <name>sun_type7_suncompat</name>
            <description>Japanese (Sun Type 7 - sun compatible)</description>
          </configItem>
        </variant>
      </variantList>
    </layout>
    <layout>
      <configItem>
        <name>no</name>
        <shortDescription>no</shortDescription>
        <description>Norwegian</description>
      </configItem>
      <variantList>
        <variant>
          <configItem>
            <name>sun_type6</name>
            <description>Norwegian (Sun Type 6/7)</description>
          </configItem>
        </variant>
      </variantList>
    </layout>
    <layout>
      <configItem>
        <name>pt</name>
        <shortDescription>pt</shortDescription>
        <description>Portuguese</description>
      </configItem>
      <variantList>
        <variant>
          <configItem>
            <name>sun_type6</name>
            <description>Portuguese (Sun Type 6/7)</description>
          </configItem>
        </variant>
      </variantList>
    </layout>
    <layout>
      <configItem>
        <name>sk</name>
        <shortDescription>sk</shortDescription>
        <description>Slovak</description>
      </configItem>
      <variantList>
        <variant>
          <configItem>
            <name>sun_type6</name>
            <description>Slovak (Sun Type 6/7)</description>
          </configItem>
        </variant>
      </variantList>
    </layout>
    <layout>
      <configItem>
        <name>es</name>
        <shortDescription>es</shortDescription>
        <description>Spanish</description>
      </configItem>
      <variantList>
        <variant>
          <configItem>
            <name>sun_type6</name>
            <description>Spanish (Sun Type 6/7)</description>
          </configItem>
        </variant>
      </variantList>
    </layout>
    <layout>
      <configItem>
        <name>se</name>
        <shortDescription>sv</shortDescription>
        <description>Swedish</description>
      </configItem>
      <variantList>
        <variant>
          <configItem>
            <name>dvorak_a5</name>
            <description>Swedish (Dvorak A5)</description>
          </configItem>
        </variant>
        <variant>
          <configItem>
            <name>sun_type6</name>
            <description>Swedish (Sun Type 6/7)</description>
          </configItem>
        </variant>
      </variantList>
    </layout>
    <layout>
      <configItem>
        <name>ch</name>
        <shortDescription>de</shortDescription>
        <description>German (Switzerland)</description>
      </configItem>
      <variantList>
        <variant>
          <configItem>
            <name>sun_type6_de</name>
            <description>German (Switzerland, Sun Type 6/7)</description>
          </configItem>
        </variant>
        <variant>
          <configItem>
            <name>sun_type6_fr</name>
            <description>French (Switzerland, Sun Type 6/7)</description>
          </configItem>
        </variant>
      </variantList>
    </layout>
    <layout>
      <configItem>
        <name>tr</name>
        <shortDescription>tr</shortDescription>
        <description>Turkish</description>
      </configItem>
      <variantList>
        <variant>
          <configItem>
            <name>sun_type6</name>
            <description>Turkish (Sun Type 6/7)</description>
          </configItem>
        </variant>
      </variantList>
    </layout>
    <layout>
      <configItem>
        <name>ua</name>
        <shortDescription>uk</shortDescription>
        <description>Ukrainian</description>
      </configItem>
      <variantList>
        <variant>
          <configItem>
            <name>sun_type6</name>
            <description>Ukrainian (Sun Type 6/7)</description>
          </configItem>
        </variant>
      </variantList>
    </layout>
    <layout>
      <configItem>
        <name>gb</name>
        <shortDescription>en</shortDescription>
        <description>English (UK)</description>
      </configItem>
      <variantList>
        <variant>
          <configItem>
            <name>sun_type6</name>
            <description>English (UK, Sun Type 6/7)</description>
          </configItem>
        </variant>
      </variantList>
    </layout>
    <layout>
      <configItem>
        <name>kr</name>
        <shortDescription>ko</shortDescription>
        <description>Korean</description>
      </configItem>
      <variantList>
        <variant>
          <configItem>
            <name>sun_type6</name>
            <description>Korean (Sun Type 6/7)</description>
          </configItem>
        </variant>
      </variantList>
    </layout>
    <layout>
      <configItem>
        <name>eu</name>
        
        <shortDescription>eu</shortDescription>
        <description>EurKEY (US based layout with european letters)</description>
          <languageList>
            <iso639Id>cat</iso639Id>
            <iso639Id>dan</iso639Id>
            <iso639Id>eng</iso639Id>
            <iso639Id>est</iso639Id>
            <iso639Id>fao</iso639Id>
            <iso639Id>fin</iso639Id>
            <iso639Id>ger</iso639Id>
            <iso639Id>gre</iso639Id>
            <iso639Id>gsw</iso639Id>
            <iso639Id>ita</iso639Id>
            <iso639Id>lav</iso639Id>
            <iso639Id>lit</iso639Id>
            <iso639Id>nld</iso639Id>
            <iso639Id>nor</iso639Id>
            <iso639Id>por</iso639Id>
            <iso639Id>spa</iso639Id>
            <iso639Id>swe</iso639Id>
        </languageList>
      </configItem>
    </layout>
    <layout>
      <configItem>
        <name>cm</name>
        <shortDescription>cm</shortDescription>
        <description>English (Cameroon)</description>
      </configItem>
      <variantList>
        <variant>
          <configItem>
            <name>mmuock</name>
            <description>Mmuock</description>
          </configItem>
        </variant>
      </variantList>
    </layout>
  </layoutList>
  <optionList/>
</xkbConfigRegistry>